416c190178	imported	access-control/application-role
403489407a	rejected: diverges	-
ffb11df4b5	rejected: unverifiable	-
77d623f701	rejected: unverifiable	-
a4d538d9c1	rejected: unverifiable	-
0d025f44ab	rejected: unverifiable	-
eac431b6d4	rejected: unverifiable	-
c39477b61b	imported	access-control/application-role
0367829540	rejected: covered	-
b30854eb85	rejected: diverges	-
bb822a46aa	rejected: diverges	-
71c89699fb	rejected: covered	-
6bea63e716	rejected: unverifiable	-
ff8cdd0058	rejected: unverifiable	-
d97d7c1d29	rejected: unverifiable	-
f91c277a63	rejected: unverifiable	-
ad6e191cff	rejected: diverges	-
1af16741df	imported	access-control/business-unit-user
b8d9766028	rejected: diverges	-
048a714d27	rejected: diverges	-
85325ab434	rejected: diverges	-
4f5b979969	rejected: unverifiable	-
