b0ebac81a1	rejected: diverges	-
ad2c71a9e1	rejected: diverges	-
5f110e46af	rejected: diverges	-
8e0dee98d3	rejected: diverges	-
183dc717aa	rejected: diverges	-
038f21f1f1	rejected: diverges	-
acbb6f6b6a	rejected: diverges	-
f43e6e0518	rejected: diverges	-
4d492a4d4c	rejected: diverges	-
f830beb876	rejected: diverges	-
7d9e3cdf62	rejected: diverges	-
cc96e89bc3	rejected: diverges	-
6485d8c2a2	rejected: diverges	-
4c51587f54	rejected: diverges	-
68ab536adf	rejected: diverges	-
34690c78c1	rejected: diverges	-
8b81d178b1	rejected: diverges	-
e27b2a1eff	rejected: diverges	-
05d37a9e36	rejected: diverges	-
7364a248ac	rejected: diverges	-
