9332934a33	rejected: unverifiable	-
7fe50488c4	rejected: unverifiable	-
8a0d5d53fd	rejected: unverifiable	-
00af0442c6	rejected: unverifiable	-
18fd6a24e4	rejected: unverifiable	-
084da18cc9	rejected: unverifiable	-
b4832b5355	rejected: unverifiable	-
a90e3c7082	rejected: unverifiable	-
039624dd0c	rejected: unverifiable	-
b64771b5b6	rejected: unverifiable	-
94a359d727	rejected: unverifiable	-
1ca0eba1ba	rejected: unverifiable	-
79b05dc089	rejected: unverifiable	-
12c1278f7f	rejected: unverifiable	-
28f4aaba8b	rejected: unverifiable	-
c61e45d259	rejected: unverifiable	-
9336e256ff	rejected: unverifiable	-
e16adc3766	rejected: unverifiable	-
7071584b6a	rejected: diverges	-
5bdd8bfd1c	rejected: diverges	-
568111f5c7	rejected: diverges	-
0cf2c76fae	rejected: diverges	-
b6faef0058	rejected: diverges	-
ebffc66c66	rejected: diverges	-
4cd916b38a	rejected: diverges	-
ab808c7d33	rejected: diverges	-
a075a38d82	rejected: diverges	-
c730377a4a	rejected: diverges	-
690ed25d99	rejected: diverges	-
e79223d48a	rejected: diverges	-
22d724a956	rejected: diverges	-
9d0524c367	rejected: diverges	-
7558cbe96f	rejected: diverges	-
a4e0007701	rejected: diverges	-
6e555c7737	rejected: diverges	-
aa41f8f703	rejected: diverges	-
43daf2951b	rejected: diverges	-
8870374c25	rejected: unverifiable	-
891976e529	rejected: unverifiable	-
4a7bc0ab8c	rejected: unverifiable	-
a084fff6bb	rejected: unverifiable	-
a1f5f50781	rejected: unverifiable	-
bde80c3cc2	rejected: unverifiable	-
f64b1196d6	rejected: unverifiable	-
3d1cfc93ce	rejected: unverifiable	-
170cd8a90b	rejected: unverifiable	-
63e78dbe43	rejected: unverifiable	-
7129d72023	rejected: unverifiable	-
c84d650cbd	rejected: unverifiable	-
44fe593e3b	rejected: unverifiable	-
7c28b659a8	rejected: unverifiable	-
9452f28dfa	rejected: unverifiable	-
7c4c92f282	rejected: unverifiable	-
de6708ea24	rejected: unverifiable	-
bb6d5e53a9	rejected: unverifiable	-
83195a07b9	rejected: unverifiable	-
161846c980	rejected: unverifiable	-
8164a9ad56	rejected: unverifiable	-
bcbc4fb868	rejected: unverifiable	-
6d04073c3b	rejected: unverifiable	-
18cfebc311	rejected: unverifiable	-
22d0040e86	rejected: unverifiable	-
1cf6b9cff5	rejected: unverifiable	-
ec99281d5e	rejected: unverifiable	-
5c0e585f4c	rejected: unverifiable	-
8801fe5442	rejected: unverifiable	-
daab416b92	rejected: unverifiable	-
fc28eab5fd	rejected: unverifiable	-
38449ea048	rejected: unverifiable	-
a6f577feda	rejected: unverifiable	-
3bbbc48a25	rejected: unverifiable	-
783afe7dbb	rejected: unverifiable	-
8b9a48b600	rejected: unverifiable	-
df25c036ae	rejected: unverifiable	-
c44bb8140b	rejected: unverifiable	-
f0b9e6ebfc	rejected: unverifiable	-
270eae619a	rejected: unverifiable	-
018f40fb13	rejected: unverifiable	-
5da6c3ce63	rejected: unverifiable	-
41ba57d548	rejected: unverifiable	-
72016306af	rejected: unverifiable	-
3d6e90ee13	rejected: unverifiable	-
077e90aaac	rejected: unverifiable	-
87801b4f8b	rejected: unverifiable	-
6884219be0	rejected: unverifiable	-
168c37da31	rejected: unverifiable	-
842ac5cc59	rejected: unverifiable	-
1e6671fe2c	rejected: unverifiable	-
076ee359fd	rejected: unverifiable	-
d61e02c76e	rejected: unverifiable	-
3235d59fff	rejected: unverifiable	-
422ce84adf	rejected: unverifiable	-
cb47884c65	rejected: unverifiable	-
12627e8fc7	rejected: unverifiable	-
19758eb348	rejected: unverifiable	-
d93b4dee1f	rejected: unverifiable	-
e55c9a8551	rejected: unverifiable	-
f1038ce933	rejected: unverifiable	-
1e516826b5	rejected: unverifiable	-
4fddd2f3e7	rejected: unverifiable	-
82125a7f93	rejected: unverifiable	-
3557b18e81	rejected: unverifiable	-
4a6b0dc1c6	rejected: unverifiable	-
4cf315dc95	rejected: unverifiable	-
b7803b43db	rejected: unverifiable	-
c2c4784b21	imported	inventory/01-data-model
294b2d832b	rejected: diverges	-
0d53e8f42d	rejected: diverges	-
60e7ad4831	rejected: diverges	-
3eeff33543	rejected: diverges	-
7787c1b627	rejected: diverges	-
9cb67e59e7	rejected: diverges	-
f8eae4b91e	rejected: diverges	-
6874758c4e	imported	inventory/03-user-flow-store-keeper
77f9b10c22	rejected: diverges	-
d1b4a00bf3	rejected: diverges	-
87e72e8d3f	rejected: diverges	-
