3ba3deac50	rejected: diverges	-
2ce8d36c3b	rejected: unverifiable	-
ec8386a4b6	rejected: diverges	-
7900ae54f5	rejected: diverges	-
8d07741899	rejected: unverifiable	-
9bfb8a3ed5	rejected: unverifiable	-
58441d7dda	rejected: diverges	-
342557e31b	rejected: diverges	-
cb66f8d6a8	rejected: diverges	-
8ccb1f75a0	rejected: unverifiable	-
c160d11362	rejected: diverges	-
49f69801a1	rejected: unverifiable	-
d253151eb9	rejected: diverges	-
f00396e48b	rejected: diverges	-
47a6549bdc	rejected: diverges	-
79b05edce3	rejected: unverifiable	-
b75b1fc6c0	rejected: unverifiable	-
f979a79959	rejected: unverifiable	-
