1a908b25ee	imported	purchase-request/01-data-model
3f5ba7c1f6	imported	purchase-request/03-user-flow
316816d4cc	imported	purchase-request/03-user-flow
e0540b4dd3	rejected: diverges	-
318e48732b	rejected: diverges	-
5ec7c3d4b5	rejected: diverges	-
d356b804de	rejected: diverges	-
fe7d15440f	rejected: diverges	-
349b2ad2b3	rejected: diverges	-
85f2102cd4	rejected: diverges	-
7123c56693	rejected: diverges	-
e9514b7dd7	rejected: diverges	-
f5b3307427	rejected: unverifiable	-
aeae4139b8	rejected: unverifiable	-
6252c7ad8a	rejected: unverifiable	-
a5b07b6348	rejected: unverifiable	-
b3cffb45c5	rejected: unverifiable	-
5d0718f9ff	rejected: page-full	-
ecbe46e262	rejected: page-full	-
50456e7f0d	rejected: page-full	-
07c243a04f	rejected: page-full	-
354b4c7182	rejected: page-full	-
3ee07bc749	rejected: page-full	-
6efde5e2bf	rejected: page-full	-
46563a3e7d	rejected: page-full	-
8c5a9618a6	rejected: page-full	-
6da1e1d5bf	rejected: page-full	-
80d33c0185	rejected: page-full	-
a5eafe4e85	rejected: page-full	-
b8b5f65574	rejected: page-full	-
202f6d8bc1	rejected: page-full	-
2a1821d55c	rejected: page-full	-
2c04064047	rejected: page-full	-
7951d5fd82	rejected: page-full	-
3da6c2e2f0	rejected: page-full	-
62c3193cb6	rejected: page-full	-
7173c5e577	rejected: page-full	-
ea5a95e0bb	rejected: page-full	-
5a61dff16a	rejected: page-full	-
98b41bab78	rejected: page-full	-
2443ae2dc5	rejected: page-full	-
cdae6f0e39	rejected: page-full	-
4183c802cb	rejected: page-full	-
df282e10c7	rejected: page-full	-
4f59398f07	rejected: covered	-
9e54ba15bb	rejected: covered	-
f075c35f73	rejected: covered	-
bf3ba3517d	rejected: covered	-
10cc2ea1dc	rejected: covered	-
d130a7407c	rejected: covered	-
c88ab70517	rejected: covered	-
d00724aef6	rejected: covered	-
de3566e407	rejected: covered	-
f3c685893d	rejected: covered	-
de2f872b28	rejected: covered	-
7df48d8458	rejected: covered	-
887c7a8de5	rejected: covered	-
a926f657f8	rejected: covered	-
941ef40755	rejected: covered	-
6faab4bbb0	rejected: covered	-
0d5bbdc455	rejected: covered	-
b591ccac70	rejected: covered	-
e4ae0cef6f	rejected: covered	-
3bd21c77a1	rejected: covered	-
a4a65bb1ea	rejected: covered	-
061e15f9b6	rejected: covered	-
94bd2eaffe	rejected: covered	-
4dc46eccbb	rejected: covered	-
a00c41cfe6	rejected: covered	-
2dd19cfb83	rejected: covered	-
6c4abde8f7	rejected: covered	-
a08a9e63ad	rejected: covered	-
33ec8b1398	rejected: covered	-
ee400f5f50	rejected: covered	-
046b2530a7	rejected: covered	-
ac0a1da7b3	rejected: covered	-
