17dba5a04c	imported	recipe/category
c6c7990efa	imported	recipe/category
6e84ec62ed	rejected: diverges	-
72ca236cdb	rejected: unverifiable	-
f40394f63f	imported	recipe/cuisine
7144533bdb	rejected: diverges	-
1f25d42e5c	rejected: unverifiable	-
a0bed89663	rejected: diverges	-
a1a6ad5692	imported	recipe/equipment
5633a0908a	imported	recipe/equipment
7d1b3ab2ae	rejected: unverifiable	-
76d3eaa63d	rejected: unverifiable	-
d9dec413a6	rejected: diverges	-
26dfb440f3	rejected: unverifiable	-
2965ea87ac	rejected: diverges	-
cf9011bbe5	rejected: diverges	-
2dc8be3e0d	rejected: unverifiable	-
9cd0229bff	rejected: unverifiable	-
1ccf32a982	rejected: unverifiable	-
3532fb38d7	rejected: unverifiable	-
5436b30e07	rejected: unverifiable	-
