139cc6561b	rejected: diverges	-
9097fd256e	rejected: diverges	-
80ee108f06	imported	store-requisition/stock-replenishment
4f846037f5	rejected: covered	-
edf8e626cb	rejected: diverges	-
ae3aca494b	rejected: diverges	-
68c22db2ab	rejected: diverges	-
3c2152ce28	imported	store-requisition/stock-replenishment
dff5576a5c	imported	store-requisition/stock-replenishment
8b91fa5ac4	rejected: diverges	-
b77758f841	imported	store-requisition/02-business-rules
6310ddfcce	rejected: diverges	-
e9fd73d45c	rejected: diverges	-
c53922f33e	rejected: diverges	-
250e36aded	rejected: unverifiable	-
6ba779b3f3	rejected: unverifiable	-
c73d39044c	rejected: unverifiable	-
329c6bc217	rejected: unverifiable	-
