15469a31c3	rejected: diverges	-
f1911e4569	rejected: diverges	-
e0b819ea05	rejected: unverifiable	-
a4c3d200ac	rejected: diverges	-
d2434966c8	rejected: unverifiable	-
3db0bda0c3	rejected: unverifiable	-
17d80b1feb	rejected: diverges	-
8b10bb1b59	rejected: diverges	-
04725dd580	rejected: diverges	-
abff6532a7	imported	templates/price-list
951e0fd845	imported	templates/price-list
342ecf2716	rejected: diverges	-
e369b39b93	rejected: diverges	-
843b321400	rejected: diverges	-
201c6002fa	rejected: diverges	-
bb87e8d149	rejected: diverges	-
8603dbf5c4	rejected: diverges	-
