cf1868d6d9	imported	vendor-pricelist/03-user-flow
c2b0918a94	rejected: diverges	-
563355eeed	rejected: diverges	-
c64749ce26	rejected: diverges	-
97f7771496	rejected: diverges	-
7ad8f17c6c	rejected: diverges	-
310fc34888	rejected: diverges	-
da10124dcd	rejected: diverges	-
0dfbf6ba35	rejected: diverges	-
51d309753a	rejected: diverges	-
15ee7cfd69	rejected: diverges	-
ed6115214d	rejected: diverges	-
c945736377	rejected: diverges	-
fb3ab6af16	rejected: diverges	-
a6662645c1	rejected: diverges	-
0506e4c7f0	rejected: diverges	-
58864b9179	rejected: diverges	-
9fe5bcb1bb	rejected: diverges	-
90f346376e	rejected: diverges	-
6fa8bda42b	rejected: diverges	-
bd02dc04d7	rejected: diverges	-
3f363d4fdf	rejected: diverges	-
15215c9303	rejected: diverges	-
97bcb96f8f	rejected: diverges	-
2ccd667c67	rejected: diverges	-
